--
-- PostgreSQL database dump
--

-- Dumped from database version 15.6 (Debian 15.6-0+deb12u1)
-- Dumped by pg_dump version 15.6 (Debian 15.6-0+deb12u1)

SET statement_timeout = 0;
SET lock_timeout = 0;
SET idle_in_transaction_session_timeout = 0;
SET client_encoding = 'UTF8';
SET standard_conforming_strings = on;
SELECT pg_catalog.set_config('search_path', '', false);
SET check_function_bodies = false;
SET xmloption = content;
SET client_min_messages = warning;
SET row_security = off;

SET default_tablespace = '';

SET default_table_access_method = heap;

--
-- Name: pasos; Type: TABLE; Schema: public; Owner: postgres
--

CREATE TABLE public.pasos (
    paso_id integer NOT NULL,
    tarea_id integer NOT NULL,
    descripcion character varying(1024),
    steps_inside_resume text
);


ALTER TABLE public.pasos OWNER TO postgres;

--
-- Name: pasos_paso_id_seq; Type: SEQUENCE; Schema: public; Owner: postgres
--

CREATE SEQUENCE public.pasos_paso_id_seq
    AS integer
    START WITH 1
    INCREMENT BY 1
    NO MINVALUE
    NO MAXVALUE
    CACHE 1;


ALTER TABLE public.pasos_paso_id_seq OWNER TO postgres;

--
-- Name: pasos_paso_id_seq; Type: SEQUENCE OWNED BY; Schema: public; Owner: postgres
--

ALTER SEQUENCE public.pasos_paso_id_seq OWNED BY public.pasos.paso_id;


--
-- Name: proyectos; Type: TABLE; Schema: public; Owner: postgres
--

CREATE TABLE public.proyectos (
    proyecto_id integer NOT NULL,
    nombre character varying(255) NOT NULL,
    user_id bigint NOT NULL,
    proyect_notion_url character varying(255)
);


ALTER TABLE public.proyectos OWNER TO postgres;

--
-- Name: proyectos_proyecto_id_seq; Type: SEQUENCE; Schema: public; Owner: postgres
--

CREATE SEQUENCE public.proyectos_proyecto_id_seq
    AS integer
    START WITH 1
    INCREMENT BY 1
    NO MINVALUE
    NO MAXVALUE
    CACHE 1;


ALTER TABLE public.proyectos_proyecto_id_seq OWNER TO postgres;

--
-- Name: proyectos_proyecto_id_seq; Type: SEQUENCE OWNED BY; Schema: public; Owner: postgres
--

ALTER SEQUENCE public.proyectos_proyecto_id_seq OWNED BY public.proyectos.proyecto_id;


--
-- Name: tareas; Type: TABLE; Schema: public; Owner: postgres
--

CREATE TABLE public.tareas (
    tarea_id integer NOT NULL,
    proyecto_id integer NOT NULL,
    numero_de_tareas integer,
    fecha_de_los_pasos date,
    completitud boolean
);


ALTER TABLE public.tareas OWNER TO postgres;

--
-- Name: tareas_tarea_id_seq; Type: SEQUENCE; Schema: public; Owner: postgres
--

CREATE SEQUENCE public.tareas_tarea_id_seq
    AS integer
    START WITH 1
    INCREMENT BY 1
    NO MINVALUE
    NO MAXVALUE
    CACHE 1;


ALTER TABLE public.tareas_tarea_id_seq OWNER TO postgres;

--
-- Name: tareas_tarea_id_seq; Type: SEQUENCE OWNED BY; Schema: public; Owner: postgres
--

ALTER SEQUENCE public.tareas_tarea_id_seq OWNED BY public.tareas.tarea_id;


--
-- Name: users; Type: TABLE; Schema: public; Owner: postgres
--

CREATE TABLE public.users (
    id bigint NOT NULL,
    name character varying(200) NOT NULL,
    email character varying(200) NOT NULL,
    password character varying(200) NOT NULL
);


ALTER TABLE public.users OWNER TO postgres;

--
-- Name: users_id_seq; Type: SEQUENCE; Schema: public; Owner: postgres
--

CREATE SEQUENCE public.users_id_seq
    START WITH 1
    INCREMENT BY 1
    NO MINVALUE
    NO MAXVALUE
    CACHE 1;


ALTER TABLE public.users_id_seq OWNER TO postgres;

--
-- Name: users_id_seq; Type: SEQUENCE OWNED BY; Schema: public; Owner: postgres
--

ALTER SEQUENCE public.users_id_seq OWNED BY public.users.id;


--
-- Name: pasos paso_id; Type: DEFAULT; Schema: public; Owner: postgres
--

ALTER TABLE ONLY public.pasos ALTER COLUMN paso_id SET DEFAULT nextval('public.pasos_paso_id_seq'::regclass);


--
-- Name: proyectos proyecto_id; Type: DEFAULT; Schema: public; Owner: postgres
--

ALTER TABLE ONLY public.proyectos ALTER COLUMN proyecto_id SET DEFAULT nextval('public.proyectos_proyecto_id_seq'::regclass);


--
-- Name: tareas tarea_id; Type: DEFAULT; Schema: public; Owner: postgres
--

ALTER TABLE ONLY public.tareas ALTER COLUMN tarea_id SET DEFAULT nextval('public.tareas_tarea_id_seq'::regclass);


--
-- Name: users id; Type: DEFAULT; Schema: public; Owner: postgres
--

ALTER TABLE ONLY public.users ALTER COLUMN id SET DEFAULT nextval('public.users_id_seq'::regclass);


--
-- Data for Name: pasos; Type: TABLE DATA; Schema: public; Owner: postgres
--

COPY public.pasos (paso_id, tarea_id, descripcion, steps_inside_resume) FROM stdin;
1	1	Realizar operación matemática	1. Abrir una calculadora o utilizar papel y lápiz.\n2. Ingresar el número 2.\n3. Presionar el botón de suma (+).\n4. Ingresar el número 2.\n5. Presionar el botón de igual (=) para obtener el resultado.
2	2	Tarea 1: Identificar los números a sumar	1. Identificar el primer número a sumar: 1\n2. Identificar el segundo número a sumar: 3\n3. Colocar los dos números uno debajo del otro, alineando las unidades.\n4. Empezar sumando las unidades (1 + 3 = 4).\n5. Escribir el resultado de la suma de las unidades (4) debajo de la línea.\n6. Realizar la suma de las decenas si correspondiera (en este caso ambos números son de una sola cifra, por lo que no hay decenas que sumar).\n7. Confirmar que el resultado final es 4.\n\n¡Espero que estos pasos sean útiles para llevar a cabo la tarea de sumar 1 + 3! Si tienes alguna otra pregunta o necesitas más ayuda, no dudes en decírmelo.
3	3	Tarea 2: Sumar los números	1. Escribir el primer número, que es 1.\n2. Escribir el segundo número, que es 3.\n3. Colocar los números uno encima del otro, alineando las unidades.\n4. Sumar las unidades (1 + 3 = 4).\n5. Escribir el resultado debajo de la línea.\n6. Verificar que el resultado final sea 4.\n\n¡Estos son los pasos para llevar a cabo la tarea 2 de sumar los números 1 y 3! Si necesitas más ayuda o tienes alguna otra pregunta, házmelo saber.
4	4	Tarea 3: Verificar el resultado	1. Revisar la suma realizada de los números 1 y 3.\n2. Verificar si el resultado obtenido es 4.\n3. Confirmar que los pasos de la suma fueron seguidos correctamente.\n4. Corregir cualquier error si el resultado no es 4.\n\nEstos son los pasos para llevar a cabo la tarea 3 de verificar el resultado de la suma de 1 + 3. Si necesitas más ayuda o tienes alguna otra pregunta, no dudes en decírmelo.
5	5	Tarea 4: Confirmar la corrección	1. Revisar nuevamente el resultado de la suma de 1 + 3.\n2. Verificar que la suma haya sido realizada correctamente.\n3. Confirmar que no haya errores en el proceso de suma.\n4. Asegurarse de la precisión y exactitud del resultado obtenido.\n\nEstos son los pasos para llevar a cabo la tarea 4 de confirmar la corrección de la suma de 1 + 3. Si necesitas más información o tienes alguna otra pregunta, estoy aquí para ayudarte.
6	6	Tarea 5: Informar el resultado	Lo siento, pero parece que hubo un error con la respuesta anterior. Permíteme brindarte la información correcta.\n\n1. Comunicar el resultado de la suma de 1 + 3 de manera clara y concisa.\n2. Asegurarse de que se presente la respuesta de forma que sea fácil de entender.\n3. Transmitir el resultado a las partes interesadas según sea necesario.\n\nEstos son los pasos para llevar a cabo la tarea 5 de informar el resultado de la suma de 1 + 3. Si tienes alguna pregunta adicional o necesitas más ayuda, no dudes en decírmelo.
7	7	Investigar Métodos de Suma	1. Investigar diferentes métodos de suma utilizados en matemáticas.\n2. Comparar la eficacia y eficiencia de cada método en la resolución de sumas simples.\n3. Seleccionar el método de suma más adecuado para realizar la suma de 2 + 2.
8	8	Comparación de Métodos	1. Identificar los métodos de suma previamente investigados.\n2. Realizar un análisis comparativo de la eficacia y eficiencia de cada método.\n3. Determinar cuál es el método más adecuado para la suma de 2 + 2.
9	9	Selección del Método Ideal	1. Revisar los resultados de la comparación de métodos de suma.\n2. Seleccionar el método más idóneo para resolver la suma de 2 + 2.\n3. Aplicar el método seleccionado y obtener el resultado final.
10	10	1. Instalación del entorno de desarrollo	Los pasos a seguir para completar la primera tarea "Instalación del entorno de desarrollo" en el proyecto de aprender C++ en 2 semanas podrían ser los siguientes:\n\n1. **Investigación del entorno de desarrollo:** Investiga cuál es el entorno de desarrollo más adecuado para programar en C++. Puedes considerar utilizar un IDE como Visual Studio, Code::Blocks o CLion.\n\n2. **Descarga del entorno de desarrollo:** Accede al sitio web oficial del entorno de desarrollo seleccionado y descarga la versión más reciente del software.\n\n3. **Instalación del software:** Sigue las instrucciones de instalación proporcionadas por el sitio web para instalar correctamente el entorno de desarrollo en tu computadora.\n\n4. **Configuración inicial:** Realiza las configuraciones iniciales necesarias, como la selección del compilador C++ y la configuración de las preferencias de programación.\n\n5. **Verificación de la instalación:** Verifica que la instalación se haya realizado correctamente ejecutando el entorno de desarrollo y creando un proyecto de prueba.\n\nUna vez completados estos pasos, habrás realizado con éxito la primera tarea de tu proyecto de aprender C++ en 2 semanas.
11	11	Configuración del entorno de desarrollo	Los pasos a seguir para completar la tarea "Configuración del entorno de desarrollo" podrían ser los siguientes:\n\n1. **Selección de configuraciones:** Configura las preferencias del entorno de desarrollo de acuerdo a tus necesidades, como el estilo de codificación, atajos de teclado y apariencia visual.\n\n2. **Instalación de complementos:** Agrega y configura complementos o extensiones que puedan mejorar tu flujo de trabajo y productividad al programar en C++.\n\n3. **Configuración del compilador:** Asegúrate de configurar correctamente el compilador C++ en el entorno de desarrollo para que pueda compilar tu código de manera efectiva.\n\n4. **Configuración de la depuración:** Ajusta y configura las opciones de depuración en el entorno de desarrollo para facilitar la identificación y corrección de errores en tu código.\n\nAl seguir estos pasos, habrás completado con éxito la segunda tarea de tu proyecto de aprender C++ en 2 semanas.
12	12	Práctica de sintaxis de C++	Los pasos a seguir para completar la tarea "Práctica de sintaxis de C++" podrían ser los siguientes:\n\n1. **Estudio de la sintaxis:** Dedica tiempo a estudiar la sintaxis básica de C++, incluyendo la estructura de un programa, declaraciones de variables, tipos de datos, operadores y estructuras de control.\n\n2. **Ejercicios prácticos:** Realiza ejercicios prácticos para aplicar la sintaxis aprendida. Puedes crear programas simples que utilicen variables, operadores y estructuras de control para familiarizarte con la programación en C++.\n\n3. **Depuración de errores:** Practica la identificación y corrección de errores de sintaxis en programas de ejemplo. Aprende a interpretar los mensajes de error del compilador y depurador para mejorar tu habilidad en la escritura de código en C++.\n\nAl seguir estos pasos, habrás completado con éxito la tercera tarea de tu proyecto de aprender C++ en 2 semanas.
37	37	Programar ejercicios	1. Seleccionar un lenguaje de programación que admita programación orientada a objetos.\n2. Practicar la creación de clases y objetos en el lenguaje elegido.\n3. Implementar ejercicios prácticos para entender mejor conceptos como encapsulamiento, herencia y polimorfismo.\n4. Desarrollar programas simples utilizando la programación orientada a objetos para resolver problemas específicos.\n5. Realizar pruebas y depuración del código para asegurar su correcto funcionamiento.\n6. Analizar y refactorizar el código para mejorar su estructura y eficiencia en la programación orientada a objetos.
13	13	Creación de estructuras de datos	En la tarea "Creación de estructuras de datos" dentro del proyecto de aprender C++ en 2 semanas, los pasos a seguir podrían ser:\n\n1. **Selección de estructuras:** Investigar y familiarizarse con las estructuras de datos disponibles en C++, como arrays, vectores, listas, pilas, colas, entre otros.\n\n2. **Diseño de las estructuras:** Planificar la implementación de las estructuras de datos necesarias para un proyecto específico. Determinar cómo se almacenarán los datos y cómo se accederá a ellos.\n\n3. **Implementación en código:** Escribir el código necesario para crear y utilizar las estructuras de datos seleccionadas. Asegurarse de seguir las mejores prácticas de programación y optimización.\n\n4. **Pruebas y depuración:** Realizar pruebas exhaustivas para verificar que las estructuras de datos funcionen correctamente en diferentes escenarios. Depurar cualquier error encontrado durante las pruebas.\n\nAl completar estos pasos, la tarea de "Creación de estructuras de datos" estará cumplida en el proyecto.\n\n
14	14	Implementación de funciones	Los pasos a seguir para completar la tarea "Implementación de funciones" dentro del proyecto de aprender C++ en 2 semanas podrían ser los siguientes:\n\n1. **Diseño de funciones:** Planificar las funciones necesarias para realizar operaciones específicas en el programa. Definir los parámetros de entrada, el tipo de retorno y el propósito de cada función.\n\n2. **Codificación de funciones:** Escribir el código de las funciones diseñadas utilizando la sintaxis adecuada de C++. Asegurarse de seguir las convenciones de nomenclatura y estructura de programación.\n\n3. **Pruebas de funciones:** Realizar pruebas unitarias para cada función implementada. Verificar que devuelvan los resultados esperados y que manejen adecuadamente casos límite o excepcionales.\n\n4. **Optimización de funciones:** Revisar el rendimiento de las funciones y buscar oportunidades de optimización en el código. Puedes utilizar herramientas de profiling para identificar posibles cuellos de botella.\n\nAl seguir estos pasos, habrás completado con éxito la quinta tarea de tu proyecto de aprender C++ en 2 semanas.
15	15	Creación de clases	Los pasos a seguir para completar la tarea "Creación de clases" en el proyecto de aprender C++ en 2 semanas podrían ser los siguientes:\n\n1. **Diseño de clases:** Identificar las entidades principales que serán modeladas como objetos en el programa y definir sus atributos y métodos.\n\n2. **Declaración de clases:** Escribir la declaración de las clases en archivos de encabezado (.h) con la estructura de la clase, incluyendo los atributos y los métodos públicos y privados.\n\n3. **Implementación de métodos:** Definir e implementar los métodos de las clases en archivos de código fuente (.cpp) utilizando la sintaxis de C++.\n\n4. **Creación de instancias:** Crear instancias de las clases en el programa principal para utilizar sus funcionalidades y atributos.\n\nAl completar estos pasos, habrás cumplido con la tarea de "Creación de clases" en el proyecto de aprendizaje de C++.
16	16	Implementación de herencia	Los pasos para completar la tarea "Implementación de herencia" en el proyecto de aprender C++ en 2 semanas podrían incluir:\n\n1. **Diseño de la jerarquía:** Establecer la relación de herencia entre las clases existentes, identificando las clases base y las clases derivadas.\n\n2. **Declaración de clases derivadas:** Crear las clases derivadas que hereden de las clases base, definiendo la estructura y los métodos heredados.\n\n3. **Implementación de la herencia:** Codificar la relación de herencia en el código, utilizando la sintaxis de C++ para extender las funcionalidades de las clases base en las clases derivadas.\n\n4. **Pruebas de herencia:** Realizar pruebas para validar que la herencia funcione correctamente, asegurándose de que las clases derivadas hereden adecuadamente los atributos y métodos de las clases base.\n\nAl completar estos pasos, se habrá cumplido con la tarea de "Implementación de herencia" dentro del proyecto de aprendizaje de C++.
17	17	Polimorfismo	Los pasos a seguir para completar la tarea "Polimorfismo" en el proyecto de aprender C++ en 2 semanas podrían ser los siguientes:\n\n1. **Creación de clases base:** Definir una clase base con métodos virtuales que se puedan sobrescribir en las clases derivadas.\n\n2. **Implementación de clases derivadas:** Crear al menos dos clases derivadas que hereden de la clase base y que sobrescriban los métodos virtuales según su funcionalidad específica.\n\n3. **Utilización de punteros y referencias:** Utilizar punteros o referencias a la clase base para manipular objetos de las clases derivadas de manera polimórfica.\n\n4. **Pruebas de polimorfismo:** Realizar pruebas en las que se llamen a los métodos de las clases derivadas a través de un puntero o referencia a la clase base, comprobando así el comportamiento polimórfico.\n\nAl seguir estos pasos, se cumplirá con la tarea de "Polimorfismo" en el proyecto de aprendizaje de C++.
18	18	Manejo de excepciones	Los pasos a seguir para completar la tarea "Manejo de excepciones" en el proyecto de aprender C++ en 2 semanas podrían ser los siguientes:\n\n1. **Identificación de puntos de riesgo:** Identificar los puntos en el código donde pueden ocurrir excepciones, como operaciones que podrían lanzar errores.\n\n2. **Lanzamiento de excepciones:** Implementar lanzamientos de excepciones en los lugares adecuados utilizando la palabra clave `throw`, con mensajes descriptivos de la situación.\n\n3. **Captura de excepciones:** Utilizar bloques `try-catch` para capturar y manejar las excepciones lanzadas, proporcionando alternativas o mensajes de error apropiados.\n\n4. **Limpieza y manejo:** Asegurarse de liberar recursos y realizar cualquier acción de limpieza necesaria en los bloques `catch` para mantener la integridad del programa.\n\nAl seguir estos pasos, se cumplirá con la tarea de "Manejo de excepciones" en el proyecto de aprendizaje de C++.
19	19	Optimización del código	Los pasos a seguir para completar la tarea "Optimización del código" en el proyecto de aprender C++ en 2 semanas podrían ser los siguientes:\n\n1. **Revisión del código:** Analizar el código existente en busca de posibles áreas de mejora en términos de eficiencia y rendimiento.\n\n2. **Eliminación de redundancias:** Buscar y eliminar partes del código que se repiten innecesariamente, como bucles redundantes o cálculos innecesarios.\n\n3. **Uso de estructuras de datos eficientes:** Optimizar el uso de estructuras de datos para agilizar el acceso y manipulación de la información en el programa.\n\n4. **Aplicación de algoritmos eficientes:** Reemplazar algoritmos ineficientes por versiones más eficaces en términos de tiempo y espacio de ejecución.\n\nAl seguir estos pasos, se podrá mejorar la eficiencia y rendimiento del código en la tarea de "Optimización del código" dentro del proyecto de aprendizaje de C++.
38	38	Crear proyectos pequeños	1. Seleccionar un proyecto pequeño que permita aplicar los conceptos de la programación orientada a objetos.\n2. Diseñar la estructura del proyecto identificando las clases necesarias y sus interacciones.\n3. Implementar las clases y objetos en el proyecto, siguiendo las buenas prácticas de programación orientada a objetos.\n4. Integrar funcionalidades utilizando la programación orientada objetos para lograr los objetivos del proyecto.\n5. Realizar pruebas exhaustivas para verificar que el proyecto funciona correctamente y cumple con los requisitos establecidos.\n6. Refactorizar y optimizar el código según sea necesario para mejorar su estructura y eficiencia en la programación orientada a objetos.
20	20	Entender la autenticación en Node.js	1. **Investigar sobre Passport.js:** Investiga la documentación oficial de Passport.js para comprender su funcionamiento, los diferentes tipos de estrategias de autenticación que ofrece y cómo implementarlas en una aplicación Node.js.\n\n2. **Instalar Passport.js:** Utilizando npm, instala el paquete Passport.js en tu proyecto Node.js mediante el comando `npm install passport`.\n\n3. **Configurar Passport en la Aplicación:** Configura Passport en tu aplicación Node.js, inicializando el módulo, configurando las estrategias de autenticación deseadas y estableciendo los métodos de serialización y deserialización de usuarios.\n\n4. **Implementar una Estrategia de Autenticación:** Elige una estrategia de autenticación proporcionada por Passport.js (por ejemplo, Local Strategy, OAuth, Google, Facebook, etc.) y sigue las instrucciones para implementarla en tu aplicación.\n\n5. **Crear Rutas de Autenticación:** Crea las rutas necesarias en tu aplicación para manejar el proceso de autenticación, incluyendo la ruta de inicio de sesión, la ruta de registro y cualquier otra ruta requerida por la estrategia de autenticación seleccionada.\n\n6. **Probar la Autenticación:** Una vez implementada la estrategia de autenticación, prueba el proceso completo de inicio de sesión y registro para asegurarte de que funciona correctamente.\n\n7. **Refactorizar y Mejorar:** Revisa el código generado, identifica posibles mejoras o áreas de refactorización y realiza los ajustes necesarios para optimizar la integración de Passport.js en tu proyecto Node.js.
21	21	Instalar Passport.js	1. **Abre la terminal de comandos:** Accede a la terminal de tu sistema operativo.\n\n2. **Navega hasta el directorio de tu proyecto:** Utiliza el comando `cd` seguido de la ruta de tu proyecto para ingresar al directorio donde deseas instalar Passport.js.\n\n3. **Instala Passport.js con npm:** Ejecuta el comando `npm install passport` para instalar el paquete Passport.js en tu proyecto Node.js.\n\n4. **Verifica la instalación:** Confirma que la instalación se realizó correctamente revisando si se creó la carpeta `node_modules` en el directorio de tu proyecto.\n\n5. **Integra Passport.js en tu aplicación:** Ahora que Passport.js está instalado, puedes comenzar a configurarlo y utilizarlo en tu aplicación para gestionar la autenticación de usuarios de forma segura y eficiente.
22	22	Configurar Passport en la Aplicación	1. **Requerir Passport en tu aplicación:** Asegúrate de requerir el paquete Passport en tu aplicación Node.js para poder utilizar sus funcionalidades.\n\n2. **Inicializar Passport:** Inicializa Passport en tu aplicación para preparar el middleware de autenticación y configurar las estrategias que utilizarás.\n\n3. **Configurar Estrategias de Autenticación:** Define y configura las estrategias de autenticación que deseas utilizar en tu aplicación, como Local Strategy, OAuth, Google, Facebook, etc.\n\n4. **Establecer Métodos de Serialización y Deserialización:** Define los métodos de serialización y deserialización de usuarios para manejar el proceso de autenticación de forma eficiente.\n\n5. **Configurar Opciones de Passport:** Configura las opciones necesarias de Passport para adaptar su comportamiento a los requerimientos específicos de tu aplicación.\n\n6. **Gestionar Sesiones y Cookies (si es necesario):** Si tu aplicación requiere el uso de sesiones y cookies, asegúrate de configurar correctamente Passport para gestionar estos aspectos de la autenticación.\n\n7. **Probar la Configuración:** Una vez que hayas configurado Passport en tu aplicación, realiza pruebas para asegurarte de que la autenticación funcione correctamente y que las estrategias configuradas se comporten según lo esperado.
23	23	Implementar una Estrategia de Autenticación	1. **Selecciona una Estrategia de Autenticación:** Elige una de las estrategias de autenticación disponibles en Passport.js, como Local Strategy, OAuth, Google, Facebook, entre otras, según las necesidades de tu aplicación.\n\n2. **Instala y Configura la Estrategia:** Si es necesario, instala el paquete correspondiente a la estrategia seleccionada y configúrala en tu proyecto Node.js para que Passport pueda utilizarla de manera efectiva.\n\n3. **Ajusta los Parámetros de la Estrategia:** Personaliza los parámetros de la estrategia de autenticación elegida según los requisitos de tu aplicación, como las claves de API, tokens de acceso, URLs de redirección, entre otros.\n\n4. **Implementa la Estrategia en tu Aplicación:** Integra la estrategia de autenticación en tu aplicación Node.js mediante Passport, siguiendo las pautas y ejemplos proporcionados en la documentación oficial de la estrategia.\n\n5. **Prueba la Estrategia:** Realiza pruebas exhaustivas para asegurarte de que la estrategia de autenticación seleccionada funciona correctamente en tu aplicación, permitiendo a los usuarios autenticarse de manera segura y efectiva.
24	24	Crear Rutas de Autenticación	1. **Definir las Rutas de Autenticación:** Crea las rutas necesarias en tu aplicación Node.js para manejar los diferentes aspectos de la autenticación, como el inicio de sesión, el registro de usuarios, el cierre de sesión, la recuperación de contraseña, entre otros.\n\n2. **Implementar las Funcionalidades de las Rutas:** Codifica la lógica necesaria en cada ruta de autenticación para realizar las acciones correspondientes, como validar credenciales, crear nuevos usuarios, generar tokens de autenticación, entre otras tareas relacionadas con la autenticación de usuarios.\n\n3. **Configurar Middlewares de Passport:** Asegúrate de utilizar los middlewares de Passport en las rutas de autenticación apropiadas para integrar la autenticación correctamente en el flujo de la aplicación y garantizar la seguridad de las rutas protegidas.\n\n4. **Gestionar Redirecciones y Respuestas:** Implementa las redirecciones adecuadas en las rutas de autenticación para guiar a los usuarios según el resultado de sus acciones, como redirigir a la página de inicio después de iniciar sesión con éxito o mostrar mensajes de error en caso de credenciales incorrectas.\n\n5. **Proteger Rutas Específicas:** Si tu aplicación necesita rutas protegidas que solo puedan ser accedidas por usuarios autenticados, asegúrate de implementar la protección adecuada en estas rutas utilizando Passport y sus estrategias de autenticación configuradas previamente.
25	25	Probar la Autenticación	1. **Realizar Pruebas de Inicio de Sesión:** Verifica que la función de inicio de sesión funcione correctamente al proporcionar credenciales válidas y mostrar mensajes de error cuando las credenciales son incorrectas.\n\n2. **Probar el Registro de Usuarios:** Registra nuevos usuarios en la aplicación y confirma que la información se almacene correctamente en la base de datos, garantizando el funcionamiento adecuado de la creación de cuentas.\n\n3. **Validar Sesiones y Tokens de Autenticación:** Verifica que las sesiones de usuario se mantengan correctamente activas después del inicio de sesión y que los tokens de autenticación generados sean válidos y seguros.\n\n4. **Evaluar la Protección de Rutas:** Intenta acceder a rutas protegidas sin autenticarte e verifica que se te redirija al inicio de sesión, asegurando que la protección de las rutas esté funcionando como se espera.\n\n5. **Simular Escenarios de Error:** Prueba casos de error como contraseñas incorrectas, usuarios inexistentes o sesiones caducadas para comprobar que la aplicación maneje estas situaciones de manera adecuada.\n\n6. **Revisar Logs y Mensajes de Error:** Verifica que los logs de la aplicación muestren la información relevante durante el proceso de autenticación y que los mensajes de error sean claros y útiles para los usuarios.
26	26	Refactorizar y Mejorar	1. **Revisar la Configuración Actual:** Analiza la configuración de Passport en tu aplicación para identificar posibles áreas de mejora, como la organización del código, la eficiencia en la gestión de sesiones, o la seguridad en el manejo de datos sensibles.\n\n2. **Optimizar la Estructura de las Estrategias:** Refactoriza las estrategias de autenticación para asegurarte de estar siguiendo las mejores prácticas y de manejar adecuadamente los casos de éxito y los errores que puedan surgir durante el proceso de autenticación.\n\n3. **Implementar Mejoras en la Interfaz de Usuario:** Si es necesario, realiza ajustes en la interfaz de usuario relacionados con la autenticación, como mensajes de confirmación, formularios más intuitivos, o cualquier elemento que facilite la experiencia del usuario al autenticarse en la aplicación.\n\n4. **Actualizar Dependencias:** Verifica que estás utilizando las versiones más recientes de Passport y sus dependencias para aprovechar las últimas funcionalidades y correcciones de errores que puedan mejorar la seguridad y el rendimiento de tu aplicación.\n\n5. **Realizar Pruebas de Rendimiento:** Ejecuta pruebas de carga y rendimiento en tu aplicación para asegurarte de que la autenticación con Passport funciona de manera eficiente y sin problemas, especialmente en situaciones de alto tráfico o con múltiples usuarios concurrentes.\n\n6. **Documentar el Código:** Asegúrate de documentar adecuadamente el código relacionado con la autenticación para que otros desarrolladores (o tu futuro yo) puedan entender fácilmente cómo está implementada la autenticación con Passport en tu proyecto Node.js.
27	27	Instalar Python	1. Descargar la última versión de Python desde el sitio web oficial (https://www.python.org/downloads/).\n2. Ejecutar el instalador y seleccionar la opción de agregar Python al PATH del sistema.\n3. Seguir las instrucciones del instalador para completar la instalación.\n4. Verificar que Python se ha instalado correctamente abriendo una ventana de comandos y escribiendo "python --version".\n5. Prueba de ejecutar un script simple de Python para asegurarte de que todo está funcionando correctamente.
28	28	Sintaxis básica de Python	1. Aprender sobre variables en Python y cómo declararlas.\n2. Practicar la asignación de valores a variables y la impresión de su contenido en la consola.\n3. Entender los diferentes tipos de datos que se pueden almacenar en variables en Python.\n4. Experimentar con la modificación y manipulación de variables en Python.\n5. Crear un programa simple que utilice variables para realizar cálculos básicos.
29	29	Estructuras de control	1. Aprender sobre condicionales en Python y cómo utilizar los bloques if, elif y else.\n2. Practicar la creación de estructuras condicionales para tomar decisiones en un programa.\n3. Comprender la lógica de comparación y los operadores condicionales en Python.\n4. Realizar ejercicios prácticos que impliquen el uso de condicionales para resolver problemas.\n5. Crear un programa que utilice condicionales para controlar el flujo de ejecución del código.
30	30	Bucles en Python	1. Investigar y comprender los conceptos de bucles en Python, incluyendo for y while.\n2. Practicar la creación de bucles for para iterar sobre listas, tuplas y rangos.\n3. Experimentar con bucles while para ejecutar un bloque de código mientras se cumpla una condición.\n4. Entender la diferencia entre break y continue en bucles.\n5. Crear un programa que utilice bucles para realizar operaciones repetitivas en Python.
31	31	Listas y tuplas en Python	1. Aprender sobre listas en Python y cómo crear, acceder y modificar elementos en ellas.\n2. Familiarizarse con las tuplas y su uso en Python, entendiendo sus diferencias con las listas.\n3. Practicar la manipulación de listas y tuplas mediante métodos como append, remove y count.\n4. Explorar la indexación y el slicing en listas para acceder a elementos específicos.\n5. Crear un programa que utilice listas y tuplas para organizar y manipular datos.
32	32	Diccionarios en Python	1. Investigar sobre diccionarios en Python y comprender su estructura clave-valor.\n2. Aprender a crear, acceder y modificar elementos en diccionarios.\n3. Practicar la utilización de métodos como keys(), values() y items() en diccionarios.\n4. Entender cómo iterar sobre diccionarios y realizar operaciones con sus elementos.\n5. Crear un programa que haga uso de diccionarios para almacenar y manipular información de forma eficiente.
33	33	Proyecto final	1. Planificar y diseñar un proyecto final que integre los conceptos aprendidos en las tareas anteriores.\n2. Implementar el proyecto final utilizando Python y aplicando bucles, condicionales, listas, diccionarios y cualquier otro elemento necesario.\n3. Probar y depurar el código del proyecto final para asegurarse de su correcto funcionamiento.\n4. Documentar el proyecto final con comentarios claros y explicativos.\n5. Presentar el proyecto final, demostrando su utilidad y funcionalidad.
34	34	Introducción	1. Investigar los conceptos básicos de programación orientada a objetos.\n2. Comprender la diferencia entre la programación orientada a objetos y otros paradigmas de programación.\n3. Estudiar los principios fundamentales de la POO, como la encapsulación, la herencia y el polimorfismo.\n4. Realizar ejercicios prácticos de programación orientada a objetos en el lenguaje de programación de tu elección.\n5. Analizar y comprender ejemplos de código que implementen POO para reforzar el aprendizaje.\n6. Aplicar los conceptos aprendidos en la creación de pequeños proyectos que utilicen la programación orientada a objetos.
35	35	Entender conceptos básicos	1. Estudiar la importancia de la programación orientada a objetos en el desarrollo de software.\n2. Identificar los principales conceptos de la programación orientada a objetos, como clases, objetos, métodos y atributos.\n3. Analizar ejemplos de implementación de programación orientada a objetos en diversos lenguajes de programación.\n4. Comparar y contrastar la POO con otros paradigmas de programación para comprender sus diferencias y ventajas.\n5. Practicar la creación de clases y objetos en un lenguaje de programación de tu elección.\n6. Profundizar en el tema explorando casos de uso reales donde la programación orientada a objetos sea esencial.
36	36	Diagramar conceptos	1. Identificar los elementos clave de la programación orientada a objetos, como abstracción, herencia y polimorfismo.\n2. Crear un diagrama de clases que represente la estructura de un sistema utilizando programación orientada a objetos.\n3. Definir las relaciones entre clases, incluyendo asociaciones, generalizaciones y dependencias.\n4. Describir cada clase en el diagrama, especificando sus atributos y métodos.\n5. Revisar y validar el diagrama de clases para asegurar que refleje de manera precisa los conceptos de la programación orientada a objetos.\n6. Utilizar herramientas de diagramación como UML para representar de manera visual la estructura de un sistema orientado a objetos.
101	101	Configuración de entorno de desarrollo.	1. Crear un archivo de configuración Dockerfile en el directorio del proyecto.\n2. Definir la imagen base que se utilizará en el contenedor Docker.\n3. Especificar los comandos y configuraciones necesarias para construir la imagen del contenedor.\n4. Guardar y verificar la sintaxis del Dockerfile.\n5. Construir la imagen utilizando el comando `docker build -t nombre-imagen .` en la terminal.\n6. Verificar que la imagen se haya creado correctamente con el comando `docker images`.
39	39	Presentación final	1. Preparar una presentación visual que destaque los conceptos fundamentales de la programación orientada a objetos.\n2. Estructurar la presentación de manera clara y organizada, abordando temas como clases, objetos, herencia y polimorfismo.\n3. Incluir ejemplos prácticos y aplicaciones reales de la programación orientada a objetos para enriquecer la presentación.\n4. Practicar la exposición oral para transmitir de forma efectiva los conocimientos sobre programación orientada a objetos.\n5. Responder preguntas y dudas de la audiencia al final de la presentación para reforzar la comprensión de los conceptos.\n6. Recopilar feedback y retroalimentación de la presentación para mejorar futuras exposiciones sobre programación orientada a objetos.
40	40	1. Introducción a la programación orientada a objetos	1. Estudiar los fundamentos básicos de la programación orientada a objetos, como la encapsulación, la herencia y el polimorfismo.\n2. Practicar la creación de clases y objetos en un lenguaje de programación orientada a objetos, como Java, Python o C++.\n3. Familiarizarse con el concepto de abstracción y cómo se aplica en la programación orientada a objetos.\n4. Implementar ejemplos de relaciones entre objetos, como la composición y la asociación.\n5. Realizar ejercicios prácticos para comprender la importancia de la modularidad y la reutilización del código en la POO.\n6. Crear un proyecto sencillo utilizando los conceptos aprendidos de programación orientada a objetos.\n7. Realizar pruebas y depuración en el proyecto para verificar su funcionamiento correcto.
41	41	Conceptos básicos de POO	1. Comprender la importancia de la encapsulación en la programación orientada a objetos.\n2. Familiarizarse con el concepto de herencia y su aplicación en la creación de clases y objetos.\n3. Explorar el principio de polimorfismo y cómo permite el comportamiento dinámico de objetos en POO.\n4. Estudiar la relación entre clases y objetos en el contexto de la programación orientada a objetos.\n5. Comparar y contrastar la programación orientada a objetos con otros paradigmas de programación.
42	42	Principios de abstracción	1. Identificar los conceptos fundamentales de abstracción en la programación orientada a objetos.\n2. Aplicar la abstracción para modelar entidades y comportamientos en un sistema de software.\n3. Utilizar interfaces y clases abstractas para definir contratos y proporcionar una capa de abstracción en el diseño de software.\n4. Implementar la abstracción en la creación de clases y objetos para promover la modularidad y reutilización del código.\n5. Practicar la implementación de la abstracción en proyectos prácticos de programación orientada a objetos.
43	43	Relaciones entre objetos	1. Comprender los diferentes tipos de relaciones entre objetos en programación orientada a objetos, como la asociación, la composición y la herencia.\n2. Identificar y modelar relaciones entre clases y objetos en un sistema de software.\n3. Implementar relaciones de asociación entre clases para representar conexiones simples entre objetos.\n4. Explorar la relación de composición para representar una relación de "parte-todo" entre objetos.\n5. Estudiar la herencia como un mecanismo para establecer relaciones jerárquicas entre clases y objetos.\n6. Practicar la implementación de relaciones entre objetos en proyectos de programación orientada a objetos.
44	44	Modularidad y reutilización de código	1. Entender el concepto de modularidad y su importancia en la programación orientada a objetos.\n2. Descomponer problemas en módulos o clases independientes para facilitar el desarrollo y mantenimiento del código.\n3. Aplicar prácticas de diseño modular para organizar el código de manera clara y reutilizable.\n4. Reutilizar módulos de código existentes en diferentes partes de un sistema para evitar la duplicación y mejorar la eficiencia.\n5. Practicar la creación de bibliotecas de clases y funciones reutilizables en proyectos de programación orientada a objetos.
45	45	Proyecto práctico de POO	1. Seleccionar un proyecto práctico que implique la aplicación de los conceptos de programación orientada a objetos aprendidos.\n2. Diseñar la estructura de clases y objetos necesarios para el proyecto, considerando la abstracción y la encapsulación.\n3. Implementar la lógica del proyecto utilizando herencia, polimorfismo y relaciones entre objetos según sea necesario.\n4. Probar y depurar el proyecto para asegurar su correcto funcionamiento y cumplimiento de los objetivos.\n5. Evaluar la eficacia de la implementación de la programación orientada a objetos en la resolución del proyecto práctico.
46	46	Pruebas y depuración	1. Crear casos de prueba para validar el funcionamiento de las clases y objetos en el proyecto.\n2. Ejecutar las pruebas unitarias y de integración para identificar posibles errores y fallos en el código.\n3. Depurar el código de manera sistemática para corregir cualquier problema detectado durante las pruebas.\n4. Realizar pruebas de regresión para garantizar que las correcciones no introduzcan nuevos errores en el proyecto.\n5. Documentar los resultados de las pruebas realizadas y preparar el proyecto para su entrega o presentación final.
47	47	Instalación del entorno de desarrollo	1. Descargar e instalar el compilador Go desde la página oficial de Golang.\n2. Configurar las variables de entorno para que el compilador y otros binarios de Go sean accesibles desde la línea de comandos.\n3. Crear un directorio de trabajo para los proyectos en Go.\n4. Verificar la instalación correcta del compilador Go ejecutando "go version" en la terminal.\n5. Crear un archivo de prueba en Go, por ejemplo, "hello.go", con un programa sencillo que imprima "Hello, World!".\n6. Compilar el programa usando el comando "go build hello.go" para generar el ejecutable.\n7. Ejecutar el programa compilado para verificar que funcione correctamente.\n8. Explorar la estructura básica de un programa en Go, incluyendo paquetes, importaciones, funciones y variables.\n9. Familiarizarse con la sintaxis de Go, como la declaración de variables, estructuras de control y funciones.\n10. Investigar recursos y documentación adicionales para seguir aprendiendo sobre el lenguaje Go.
48	48	Configuración de entorno de desarrollo	1. Seleccionar un editor de código compatible con Go, como Visual Studio Code, Atom o GoLand.\n2. Instalar las extensiones o plugins necesarios para resaltar la sintaxis y facilitar el desarrollo en Go.\n3. Configurar las preferencias del editor para que se ajusten a las convenciones de estilo de Go.\n4. Establecer atajos de teclado útiles para agilizar la escritura de código y la navegación dentro del proyecto.\n5. Instalar herramientas adicionales de desarrollo recomendadas para trabajar de manera eficiente con Go, como depuradores o linter.\n6. Personalizar la apariencia y el tema del editor según las preferencias personales.\n7. Explorar las funcionalidades avanzadas del editor que puedan mejorar la productividad durante el desarrollo en Go.\n8. Probar la integración del editor con Git u otro sistema de control de versiones para facilitar la gestión de cambios en el proyecto.\n9. Realizar ajustes en la configuración según sea necesario para optimizar el flujo de trabajo de desarrollo en Go.\n10. Verificar que el entorno de desarrollo esté listo para comenzar a trabajar en proyectos en Go.
49	49	Instalación de paquetes de terceros	1. Investigar y seleccionar los paquetes de terceros más comunes y útiles para el desarrollo en Go, como bibliotecas de manejo de errores, frameworks web, o utilidades de testing.\n2. Leer la documentación oficial de cada paquete para comprender su funcionalidad y cómo integrarlos en proyectos en Go.\n3. Utilizar un sistema de gestión de dependencias como Go Modules para importar y manejar las versiones de los paquetes en el proyecto.\n4. Agregar las importaciones necesarias en los archivos Go para utilizar los paquetes seleccionados.\n5. Verificar la compatibilidad de los paquetes con la versión de Go utilizada en el proyecto.\n6. Ejecutar pruebas unitarias para asegurarse de que los paquetes se integran correctamente y funcionan según lo esperado.\n7. Actualizar periódicamente los paquetes de terceros para mantenerse al día con las últimas versiones y correcciones de errores.\n8. Documentar la utilización de los paquetes en el proyecto para referencia futura y para facilitar la colaboración con otros desarrolladores.\n9. Resolver cualquier problema de compatibilidad o errores que puedan surgir al integrar los paquetes en el proyecto.\n10. Estar atento a actualizaciones o cambios en los paquetes de terceros que puedan afectar el desarrollo del proyecto en Go.
50	50	Diseño de la estructura del proyecto	1. Definir la arquitectura general del proyecto, incluyendo la organización de paquetes, la separación de responsabilidades y la forma en que interactúan los diferentes componentes.\n2. Crear los directorios y subdirectorios necesarios para organizar el código fuente de manera lógica y coherente.\n3. Establecer una convención de nomenclatura para los archivos y carpetas del proyecto que sea consistente y fácil de entender.\n4. Diseñar los módulos o componentes principales del proyecto, identificando las funciones y la lógica de negocio que deben implementarse.\n5. Definir las interfaces entre los diferentes módulos para garantizar la comunicación efectiva y la reutilización del código.\n6. Realizar diagramas o esquemas visuales que representen la estructura del proyecto y la relación entre sus componentes.\n7. Revisar y ajustar el diseño de acuerdo a las mejores prácticas y patrones recomendados para el desarrollo en Go.\n8. Documentar la estructura del proyecto, incluyendo explicaciones sobre la arquitectura, los componentes y las decisiones de diseño tomadas.\n9. Realizar reuniones o revisiones con otros desarrolladores para validar el diseño propuesto y recibir retroalimentación.\n10. Refactorizar o ajustar el diseño según sea necesario para optimizar la claridad, la cohesión y el rendimiento del proyecto en Go.
51	51	Implementación de la lógica del proyecto	1. Crear los archivos fuente necesarios para implementar las funcionalidades del proyecto en Go.\n2. Codificar la lógica de negocio siguiendo las especificaciones definidas en el diseño de la estructura del proyecto.\n3. Utilizar las bibliotecas y paquetes de terceros previamente seleccionados para mejorar la eficiencia en la implementación.\n4. Aplicar buenas prácticas de programación en Go, como la modularización del código y el uso de nombres descriptivos para variables y funciones.\n5. Implementar pruebas unitarias para validar el correcto funcionamiento de las diferentes partes de la lógica del proyecto.\n6. Realizar pruebas de integración para comprobar la interacción adecuada entre los distintos componentes del proyecto.\n7. Refactorizar el código según sea necesario para mejorar la legibilidad, eficiencia y mantenibilidad.\n8. Revisar y ajustar la implementación para garantizar que cumple con los requisitos y expectativas del proyecto.\n9. Comentar el código de manera clara y concisa para facilitar la comprensión y futuras modificaciones.\n10. Realizar pruebas exhaustivas para asegurarse de que la lógica del proyecto funcione correctamente en diversos escenarios y casos de uso.
52	52	Creación de pruebas unitarias	1. Identificar las funciones y métodos principales que deben ser probados en el proyecto en Go.\n2. Crear archivos separados para las pruebas unitarias, utilizando el paquete de prueba integrado en Go.\n3. Escribir casos de prueba para cubrir distintos escenarios y casos límite de las funciones implementadas.\n4. Definir las aserciones o validaciones necesarias para verificar el comportamiento esperado de las funciones.\n5. Ejecutar las pruebas unitarias utilizando el comando "go test" para asegurar el correcto funcionamiento del código.\n6. Analizar los resultados de las pruebas y corregir los errores o fallos detectados en caso de ser necesario.\n7. Implementar pruebas adicionales para cubrir situaciones no contempladas en la primera fase de pruebas.\n8. Utilizar mocks o stubs para simular el comportamiento de dependencias externas y facilitar la ejecución de pruebas unitarias.\n9. Integrar las pruebas unitarias en un proceso de integración continua si es posible, para automatizar su ejecución.\n10. Documentar los casos de prueba y los resultados obtenidos para referencia futura y para facilitar la colaboración con otros desarrolladores en el proyecto.
53	53	Optimización de rendimiento	1. Identificar las partes críticas del código que puedan afectar el rendimiento del proyecto en Go.\n2. Realizar pruebas de ejecución y medir el rendimiento actual del proyecto para establecer una línea base.\n3. Analizar posibles cuellos de botella en el código y en la implementación de algoritmos.\n4. Utilizar herramientas de profiling para identificar áreas de mejora y optimización en el código.\n5. Revisar la complejidad de los algoritmos utilizados y buscar formas de simplificarlos o hacerlos más eficientes.\n6. Implementar técnicas de optimización específicas de Go, como el uso de concurrencia y canales para mejorar el paralelismo.\n7. Considerar la posibilidad de realizar cache de resultados o pre-cálculos para reducir el tiempo de ejecución.\n8. Evaluar el uso de estructuras de datos más eficientes y adecuadas para el problema a resolver.\n9. Realizar pruebas de rendimiento después de implementar las modificaciones para comparar los resultados con la línea base.\n10. Documentar las optimizaciones realizadas y los impactos en el rendimiento del proyecto en Go.
54	54	Documentación del proyecto	1. Crear un documento que describa la estructura del proyecto, incluyendo los distintos componentes y su interacción.\n2. Detallar los requisitos del sistema y las funcionalidades implementadas en el proyecto en Go.\n3. Incluir instrucciones de instalación y configuración del entorno de desarrollo necesario para ejecutar el proyecto.\n4. Documentar las dependencias externas utilizadas en el proyecto, con enlaces a sus respectivas páginas oficiales.\n5. Especificar cómo se deben ejecutar las pruebas unitarias y de rendimiento del proyecto.\n6. Incluir ejemplos de código relevante para mostrar el uso de determinadas funcionalidades o técnicas en Go.\n7. Agregar una sección de buenas prácticas de programación en Go aplicadas en el proyecto.\n8. Detallar posibles problemas conocidos y sus soluciones para futuras referencias.\n9. Incluir información sobre cómo colaborar en el proyecto y cómo los desarrolladores pueden contribuir con código.\n10. Revisar y actualizar la documentación de forma periódica a medida que el proyecto evolucione.
55	55	Revisión de código	1. Establecer un proceso de revisión de código que incluya la participación de otros desarrolladores en el proyecto.\n2. Definir criterios claros para evaluar la calidad del código, como estilo, legibilidad, eficiencia y cumplimiento de estándares.\n3. Utilizar herramientas de revisión de código, como GitHub Pull Requests o herramientas específicas de Go, para facilitar el proceso.\n4. Programar reuniones periódicas para discutir los cambios propuestos y realizar revisiones en grupo.\n5. Asignar roles específicos a los participantes de la revisión, como autor, revisor y responsable de aprobar los cambios.\n6. Realizar revisiones centradas en aspectos como la seguridad, la eficiencia y la escalabilidad del código.\n7. Proponer sugerencias de mejora y correcciones de errores de forma constructiva durante la revisión.\n8. Registrar y documentar los comentarios y decisiones tomadas durante el proceso de revisión.\n9. Asegurarse de que todas las partes del código sean revisadas, incluyendo nuevas funcionalidades, correcciones de errores y actualizaciones.\n10. Documentar las lecciones aprendidas durante las revisiones de código para aplicarlas en futuros proyectos en Go.
56	56	Implementación de retroalimentación	1. Solicitar feedback a otros desarrolladores y colaboradores del proyecto sobre su experiencia utilizando el código.\n2. Recopilar sugerencias y comentarios para mejorar aspectos específicos del proyecto en Go.\n3. Analizar la retroalimentación recibida y identificar patrones comunes o áreas de mejora prioritarias.\n4. Priorizar los cambios propuestos en base a la importancia y viabilidad de implementación.\n5. Implementar las sugerencias de mejora acordadas, realizando los cambios necesarios en el código.\n6. Comunicar de forma transparente y efectiva los ajustes realizados a los interesados en el proyecto.\n7. Realizar pruebas adicionales para verificar que las modificaciones introducidas no generen nuevos problemas.\n8. Validar que las mejoras implementadas hayan tenido el impacto deseado en la calidad o rendimiento del proyecto.\n9. Agradecer la retroalimentación recibida y fomentar una cultura de mejora continua en el equipo de desarrollo.\n10. Documentar los cambios realizados a raíz de la retroalimentación y mantener un registro para futuras referencias.
57	57	Investigación inicial	1. **Definir el alcance de ICP**: Investigar y comprender los conceptos básicos de Ingeniería de Procesos de Software para establecer los límites y metas de nuestro aprendizaje.\n2. **Recopilar recursos**: Buscar libros, artículos, cursos en línea y otras fuentes de información sobre ICP para adquirir el material necesario para la investigación.\n3. **Crear un plan de estudio**: Organizar el material recopilado de manera estructurada y establecer un plan de estudio detallado con objetivos claros y cronograma definido.\n4. **Comenzar la investigación**: Profundizar en los temas clave de ICP, realizar lecturas, tomar notas y asegurarse de comprender los fundamentos antes de avanzar a conceptos más avanzados.\n5. **Evaluar el progreso**: Regularmente revisar y evaluar la comprensión de los temas estudiados, identificar áreas de mejora y ajustar el plan de estudio según sea necesario.
58	58	Búsqueda de material	1. Identificar fuentes confiables de información sobre Ingeniería de Procesos de Software.\n2. Leer libros y artículos especializados en ICP para adquirir conocimientos sólidos.\n3. Realizar búsquedas en bases de datos académicas y en Internet para encontrar recursos relevantes.\n4. Recopilar material de estudio como informes técnicos, casos de estudio y presentaciones.\n5. Organizar el material recopilado para facilitar su posterior consulta y estudio.
59	59	Resumen de la información	1. Sintetizar los conceptos clave aprendidos en las tareas anteriores sobre ICP.\n2. Identificar patrones y tendencias relevantes en la información recopilada.\n3. Organizar la información de manera clara y concisa para facilitar su comprensión.\n4. Crear un resumen estructurado que destaque los puntos fundamentales de la Ingeniería de Procesos de Software.\n5. Revisar y asegurarse de que el resumen refleje de manera precisa los conocimientos adquiridos en las tareas previas.
60	60	Presentación del resumen	1. Crear una estructura clara y lógica para la presentación del resumen de ICP.\n2. Diseñar diapositivas o soportes visuales que complementen la información del resumen.\n3. Practicar la presentación para asegurar una comunicación efectiva y fluida.\n4. Revisar la presentación para garantizar que los puntos clave de la Ingeniería de Procesos de Software estén bien representados.\n5. Preparar material adicional, como notas o documentos de apoyo, para responder preguntas o ampliar información durante la presentación.
61	61	Evaluación final	1. Preparar un cuestionario o prueba que abarque los conceptos clave de ICP.\n2. Realizar la evaluación a través de un examen escrito, una presentación oral o un proyecto práctico.\n3. Revisar las respuestas o resultados obtenidos en la evaluación.\n4. Identificar los puntos fuertes y áreas de mejora en el conocimiento adquirido.\n5. Reflexionar sobre el proceso de aprendizaje y establecer acciones futuras para seguir profundizando en Ingeniería de Procesos de Software.
62	62	Planificación	1. Definir los objetivos y alcance de la aplicación de control de gastos.\n2. Investigar y analizar las funcionalidades necesarias para el control de gastos.\n3. Diseñar un plan de trabajo y asignar responsabilidades para el desarrollo de la aplicación.\n4. Establecer un cronograma de trabajo detallado para cumplir con los plazos establecidos.\n5. Realizar reuniones de seguimiento para asegurar el avance correcto de la tarea de planificación.\n6. Ajustar el plan de trabajo según sea necesario para garantizar la efectividad en la ejecución.\n7. Documentar toda la información relevante para futuras referencias y mejoras.\n8. Finalizar la tarea de planificación con la aprobación del equipo involucrado en el proyecto.
63	63	Investigación	1. Identificar las aplicaciones existentes en el mercado de control de gastos.\n2. Analizar las funcionalidades y características de las aplicaciones más populares.\n3. Realizar un estudio de mercado para entender las necesidades y preferencias de los usuarios en cuanto al control de gastos.\n4. Recopilar información relevante sobre las tecnologías y tendencias actuales en el desarrollo de aplicaciones de finanzas personales.\n5. Documentar los hallazgos y conclusiones de la investigación de manera estructurada.\n6. Presentar un informe detallado con recomendaciones basadas en los resultados obtenidos.\n7. Revisar y ajustar el enfoque de desarrollo de la aplicación de control de gastos en base a la investigación realizada.
64	64	Diseño	1. Definir los requisitos de diseño de la aplicación de control de gastos.\n2. Crear un prototipo interactivo de la interfaz de usuario.\n3. Establecer la arquitectura general de la aplicación.\n4. Diseñar los distintos elementos visuales y la estructura de la aplicación.\n5. Realizar pruebas de usabilidad con posibles usuarios para validar el diseño.\n6. Incorporar retroalimentación de las pruebas para realizar mejoras en el diseño.\n7. Aprobar el diseño final con el equipo de desarrollo antes de pasar a la etapa de implementación.
65	65	Desarrollo	1. Crear la estructura de la base de datos para almacenar la información de los gastos.\n2. Desarrollar la lógica de negocio para el registro y gestión de los gastos.\n3. Implementar las funcionalidades de categorización y etiquetado de los gastos.\n4. Integrar sistemas de seguridad para proteger la información financiera de los usuarios.\n5. Realizar pruebas unitarias y de integración para verificar el correcto funcionamiento del desarrollo.\n6. Corregir posibles fallos o errores identificados durante las pruebas.\n7. Revisar el código desarrollado y asegurar su calidad antes de la fase de pruebas finales.
66	66	Pruebas	1. Diseñar casos de prueba que cubran todas las funcionalidades clave de la aplicación de control de gastos.\n2. Ejecutar pruebas funcionales para verificar que la aplicación cumple con los requisitos establecidos.\n3. Realizar pruebas de rendimiento para evaluar la velocidad y eficiencia de la aplicación.\n4. Llevar a cabo pruebas de seguridad para identificar posibles vulnerabilidades y garantizar la protección de los datos.\n5. Documentar los resultados de las pruebas realizadas y los problemas encontrados.\n6. Reportar y corregir los errores detectados durante las pruebas.\n7. Validar que la aplicación de control de gastos se encuentra lista para pasar a la etapa de implementación.
67	67	Implementación	1. Configurar el entorno de desarrollo necesario para la implementación de la aplicación de control de gastos.\n2. Desarrollar el código siguiendo las especificaciones y diseño previamente establecidos.\n3. Integrar la interfaz de usuario con la lógica de negocio y la base de datos.\n4. Realizar pruebas de integración para asegurar el correcto funcionamiento de todos los componentes.\n5. Optimizar el rendimiento de la aplicación para garantizar una buena experiencia de usuario.\n6. Implementar medidas de seguridad adicionales según sea necesario.\n7. Preparar la versión final de la aplicación para su lanzamiento.
68	68	Pruebas finales	1. Realizar pruebas exhaustivas de la aplicación para asegurar su correcto funcionamiento y detectar posibles fallos.\n2. Validar que todas las funcionalidades de la aplicación de control de gastos cumplen con los requisitos establecidos.\n3. Verificar que la interfaz de usuario es intuitiva y fácil de usar para los usuarios.\n4. Realizar pruebas de rendimiento adicionales para garantizar la velocidad y eficiencia de la aplicación.\n5. Ejecutar pruebas de compatibilidad en diferentes dispositivos y sistemas operativos.\n6. Identificar y corregir cualquier problema encontrado durante las pruebas finales.\n7. Obtener la aprobación final del equipo de desarrollo antes de proceder con el lanzamiento de la aplicación.
69	69	Lanzamiento	1. Preparar una estrategia de lanzamiento de la aplicación de control de gastos.\n2. Establecer una fecha específica para el lanzamiento oficial.\n3. Crear material de marketing como anuncios, demostraciones y publicaciones en redes sociales.\n4. Coordinar con los equipos de soporte técnico y atención al cliente para una adecuada respuesta ante posibles consultas o problemas.\n5. Poner la aplicación a disposición del público objetivo a través de las tiendas de aplicaciones o medios de descarga establecidos.\n6. Monitorear el rendimiento de la aplicación durante el periodo de lanzamiento y recopilar comentarios de los usuarios.\n7. Realizar ajustes y actualizaciones según sea necesario para mejorar la experiencia del usuario.\n8. Celebrar el lanzamiento exitoso de la aplicación de control de gastos con el equipo y stakeholders del proyecto.
70	70	Investigar sobre el autor y contexto histórico	1. Investiga sobre la vida y obra del autor Juan Rulfo.\n2. Investiga el contexto histórico en el que se desarrolla la novela "Pedro Páramo".\n3. Toma notas relevantes sobre la vida de Juan Rulfo y el contexto histórico de la novela.\n4. Identifica cómo la vida de Juan Rulfo y el contexto histórico influyeron en la creación de "Pedro Páramo".
71	71	Resumen de la novela	1. Leer detenidamente la novela "Pedro Páramo".\n2. Identificar los elementos principales de la trama y los personajes.\n3. Tomar notas sobre los sucesos más relevantes y los roles de cada personaje en la historia.\n4. Resumir de forma clara y concisa la trama y los personajes principales de la novela.
72	72	Análisis de los personajes	1. Identificar a cada personaje en la novela "Pedro Páramo".\n2. Analizar sus características, roles y relaciones con otros personajes.\n3. Interpretar la importancia de cada personaje en el desarrollo de la trama.\n4. Realizar un resumen individual de cada personaje con sus respectivas influencias en la historia.
73	73	Construcción del análisis literario	1. Analizar el estilo narrativo utilizado en "Pedro Páramo".\n2. Identificar elementos literarios como la estructura, el simbolismo y la atmósfera de la novela.\n3. Interpretar la forma en que el autor utiliza el lenguaje para crear significados más profundos.\n4. Elaborar un análisis detallado sobre el estilo literario de la obra "Pedro Páramo".
74	74	Comparación con otras obras	1. Seleccionar al menos una obra literaria relacionada con el realismo mágico para comparar con "Pedro Páramo".\n2. Identificar similitudes y diferencias entre la obra seleccionada y "Pedro Páramo" en términos de estilo, temática y uso de elementos literarios.\n3. Analizar cómo el realismo mágico se manifiesta en ambas obras y cómo influye en la narrativa.\n4. Elaborar un ensayo comparativo que destaque las similitudes y diferencias entre la obra seleccionada y "Pedro Páramo".
75	75	Redacción del análisis comparativo	1. Revisar el ensayo comparativo previamente elaborado.\n2. Realizar correcciones y ajustes necesarios en cuanto a contenido, estructura y argumentación.\n3. Asegurarse de que la redacción sea clara, coherente y precisa.\n4. Finalizar la redacción del análisis comparativo resaltando las conclusiones más relevantes.
76	76	Preparar presentación oral	1. Organizar el contenido clave a presentar sobre el análisis de "Pedro Páramo" y la comparación con otra obra.\n2. Preparar diapositivas claras y visualmente atractivas que apoyen la presentación.\n3. Practicar la exposición oral varias veces para asegurar fluidez y dominio del tema.\n4. Preparar material complementario si es necesario para enriquecer la presentación.
77	77	Entrega de proyecto	1. Revisar y asegurarse de que todas las tareas anteriores estén completadas.\n2. Preparar una versión final del análisis literario y la presentación oral.\n3. Organizar todos los documentos y materiales relacionados con el proyecto.\n4. Enviar el análisis comparativo y realizar la presentación oral en la fecha acordada.
85	85	Implementar la función para Bubble Sort.	1. Definir la función bubble_sort que tomará como argumento una lista de elementos.\n2. Crear un bucle externo que recorra la lista tantas veces como elementos tenga.\n3. Dentro del bucle externo, crear un bucle interno que vaya desde el índice 0 hasta el índice final de la lista menos la cantidad de iteraciones del bucle externo.\n4. Comparar cada elemento con el siguiente en el bucle interno y si el elemento actual es mayor que el siguiente, intercambiarlos.\n5. Al finalizar cada iteración del bucle externo, el elemento más grande estará en su posición final.\n6. Retornar la lista ordenada al finalizar el bucle externo.
78	78	Inicialización del entorno de desarrollo.	Lo siento, pero en este momento no tengo la capacidad de acceder a información en tiempo real para proporcionar los pasos específicos para la tarea propuesta. Sin embargo, te puedo sugerir algunos pasos generales que podrían ser necesarios para completar la tarea "Inicialización del entorno de desarrollo":\n\n1. Descargar e instalar el software de desarrollo para la placa KL25.\n2. Configurar las herramientas de compilación y depuración.\n3. Crear un nuevo proyecto en el entorno de desarrollo.\n4. Establecer la configuración del proyecto para utilizar un RTOS.\n5. Agregar los archivos y librerías necesarios para el RTOS.\n6. Compilar y verificar que no haya errores en el proyecto.\n\nEstos pasos son generales y podrían variar dependiendo del entorno de desarrollo específico y de los requisitos del proyecto. Te recomendaría buscar información más detallada en recursos específicos de desarrollo para la placa KL25 para seguir los pasos adecuados.
79	79	Configuración de periféricos.	Lo siento, pero en este momento no tengo la capacidad de acceder a información en tiempo real para proporcionar los pasos específicos para la tarea "Configuración de periféricos" en el proyecto de cómo usar RTOS en una placa KL25. Sin embargo, puedo sugerir algunos pasos generales que podrían ser necesarios para completar esta tarea:\n\n1. Identificar los periféricos disponibles en la placa KL25 y sus funciones.\n2. Configurar la comunicación y el acceso a los periféricos requeridos para el funcionamiento del RTOS.\n3. Establecer la configuración de los pines y registros correspondientes a los periféricos.\n4. Verificar la correcta inicialización y configuración de los periféricos antes de integrarlos en el sistema RTOS.\n\nEstos pasos son generales y podrían variar dependiendo de los periféricos específicos que se utilicen en el proyecto y de los requisitos del RTOS. Te recomendaría consultar la documentación técnica de la placa KL25 y del RTOS que estés utilizando para obtener instrucciones detalladas sobre la configuración de periféricos en este contexto específico.
80	80	Integración de drivers.	Lo siento, pero en este momento no tengo la capacidad de acceder a información en tiempo real para proporcionar los pasos específicos para la tarea "Integración de drivers" en el proyecto de cómo usar RTOS en una placa KL25. Sin embargo, puedo sugerir algunos pasos generales que podrían ser necesarios para completar esta tarea:\n\n1. Identificar los drivers necesarios para los periféricos de la placa KL25.\n2. Descargar e instalar los drivers correspondientes.\n3. Configurar los drivers para que se integren correctamente con el sistema RTOS.\n4. Verificar la compatibilidad y el funcionamiento adecuado de los drivers con el sistema RTOS.\n  \nEstos pasos son generales y podrían variar dependiendo de los periféricos, los drivers específicos y las necesidades del proyecto. Te recomendaría consultar la documentación de los drivers y del RTOS que estés utilizando para obtener instrucciones detalladas sobre la integración de los drivers en este contexto particular.
81	81	Optimización de recursos.	Lo siento, pero en este momento no tengo la capacidad de acceder a información en tiempo real para proporcionar los pasos específicos para la tarea "Optimización de recursos" en el proyecto de cómo usar RTOS en una placa KL25. Sin embargo, puedo sugerir algunos pasos generales que podrían ser necesarios para completar esta tarea:\n\n1. Identificar los recursos (como memoria, procesador, periféricos) disponibles en la placa KL25.\n2. Analizar el uso actual de los recursos por parte del RTOS y las aplicaciones.\n3. Optimizar el código para reducir el uso de recursos sin comprometer la funcionalidad.\n4. Implementar técnicas de optimización como la gestión eficiente de la memoria y la programación multitarea.\n  \nEstos pasos son generales y podrían variar dependiendo de los recursos específicos de la placa KL25, del RTOS utilizado y de las necesidades del proyecto. Te recomendaría consultar la documentación del RTOS y recursos especializados en optimización de sistemas embebidos para obtener sugerencias específicas sobre cómo optimizar los recursos en este contexto.
82	82	Pruebas de integración.	Para la tarea "Pruebas de integración" en el proyecto de cómo usar un RTOS en una placa KL25, los pasos a seguir podrían ser los siguientes:\n\n1. Crear un plan de pruebas que incluya escenarios de prueba para verificar la integración del RTOS con los drivers y periféricos de la placa KL25.\n2. Ejecutar las pruebas de integración para comprobar la comunicación y el funcionamiento adecuado entre el RTOS y los componentes de hardware.\n3. Registrar y analizar los resultados de las pruebas para identificar posibles problemas o conflictos en la integración.\n4. Realizar ajustes en la configuración del RTOS o de los drivers según sea necesario para resolver problemas de integración.\n5. Repetir las pruebas de integración hasta asegurarse de que el sistema funcione de manera coherente y eficiente.\n\nEstos pasos ayudarán a garantizar que la integración del RTOS en la placa KL25 se realice de forma adecuada y que el sistema funcione correctamente en conjunto con los componentes de hardware.
83	83	Documentación del proyecto.	Para la tarea "Documentación del proyecto" en el proyecto de cómo usar un RTOS en una placa KL25, los pasos a seguir podrían ser los siguientes:\n\n1. Crear un documento que describa el objetivo del proyecto y los requisitos del sistema.\n2. Detallar la arquitectura del sistema, incluyendo la configuración del RTOS, los periféricos utilizados y la asignación de recursos.\n3. Documentar los procedimientos de instalación y configuración del entorno de desarrollo.\n4. Incluir información sobre la integración de drivers, la optimización de recursos y las pruebas realizadas.\n5. Registrar los resultados de las pruebas de integración y cualquier problema encontrado durante el proceso.\n6. Generar manuales de usuario y guías de referencia para facilitar el uso y mantenimiento del sistema.\n\nEstos pasos contribuirán a documentar de manera completa y detallada el proyecto de implementación de un RTOS en una placa KL25, lo que facilitará su comprensión y futuras actualizaciones.
84	84	Presentación final.	Para la tarea "Presentación final" en el proyecto de cómo usar un RTOS en una placa KL25, los pasos a seguir podrían ser los siguientes:\n\n1. Preparar una presentación que resuma los aspectos más relevantes del proyecto, como el objetivo, la metodología utilizada y los resultados obtenidos.\n2. Destacar los desafíos encontrados durante la implementación del RTOS en la placa KL25 y cómo se resolvieron.\n3. Mostrar ejemplos concretos de la integración de drivers, la optimización de recursos y las pruebas realizadas.\n4. Incluir demostraciones prácticas, si es posible, para ilustrar el funcionamiento del sistema en tiempo real.\n5. Responder preguntas de la audiencia y proporcionar detalles adicionales según sea necesario.\n6. Recopilar comentarios y retroalimentación sobre el proyecto para futuras mejoras o ajustes.\n\nEstos pasos ayudarán a presentar de manera efectiva el trabajo realizado en el proyecto y a destacar los logros y aprendizajes obtenidos durante la implementación del RTOS en la placa KL25.
86	86	Optimizar el algoritmo Bubble Sort.	1. Analizar el código actual del algoritmo Bubble Sort para identificar posibles mejoras en su eficiencia.\n2. Buscar oportunidades para reducir la complejidad temporal y espacial del algoritmo.\n3. Considerar implementar optimizaciones como detección de listas ordenadas, evitar iteraciones innecesarias o implementar un mecanismo de parada temprana.\n4. Realizar pruebas exhaustivas para asegurarse de que las optimizaciones no afecten la corrección del algoritmo.\n5. Documentar claramente los cambios realizados y sus impactos en la eficiencia del algoritmo.
87	87	Crear funciones de prueba.	1. Definir casos de prueba que cubran diferentes escenarios de entrada, incluyendo listas desordenadas, listas ordenadas, listas con elementos duplicados, listas vacías, entre otros.\n2. Escribir funciones de prueba que verifiquen que la implementación del algoritmo Bubble Sort devuelve el resultado esperado para cada escenario de prueba.\n3. Ejecutar las funciones de prueba y verificar que el algoritmo funciona correctamente en todos los casos.\n4. Documentar los casos de prueba utilizados y los resultados obtenidos durante la ejecución de las pruebas.\n5. Realizar ajustes en la implementación si es necesario para que pase satisfactoriamente todas las pruebas.
88	88	Documentar el código.	1. Crear documentación que explique el propósito y funcionamiento del algoritmo Bubble Sort implementado en Python.\n2. Incluir ejemplos de uso de la función bubble_sort con diferentes listas de entrada y mostrar los resultados obtenidos.\n3. Detallar la complejidad temporal y espacial del algoritmo, explicando su eficiencia y posibles escenarios de rendimiento.\n4. Agregar comentarios en el código fuente para facilitar su comprensión a otros desarrolladores.\n5. Revisar y asegurarse de que la documentación sea clara, concisa y útil para cualquier persona que necesite utilizar o modificar el algoritmo.
89	89	Revisar y ajustar.	1. Realizar una revisión exhaustiva del código del algoritmo Bubble Sort en Python para identificar posibles áreas de mejora o errores.\n2. Verificar que la implementación cumple con los estándares de codificación, como estilo de código, convenciones de nombres y buenas prácticas.\n3. Identificar posibles bugs, ineficiencias o partes del código que pueden optimizarse.\n4. Realizar las modificaciones necesarias para corregir errores, mejorar la legibilidad del código o implementar mejores prácticas.\n5. Probar nuevamente el algoritmo después de los ajustes para garantizar que sigue funcionando correctamente y verificar si se ha mejorado su rendimiento.
90	90	Investigar documentación	1. Acceder al sitio web oficial de Passport JS.\n2. Buscar la sección de documentación y guías de implementación.\n3. Leer detenidamente la información proporcionada sobre cómo implementar Passport JS.\n4. Investigar ejemplos de código y tutoriales relacionados con la implementación de Passport JS.\n5. Familiarizarse con los conceptos fundamentales de autenticación y autorización que abarca Passport JS.
91	91	Configurar entorno de desarrollo	1. Instalar Node.js en el sistema.\n2. Crear un nuevo proyecto de Node.js en el editor de código.\n3. Instalar Passport JS y sus estrategias relacionadas mediante npm.\n4. Configurar y inicializar Passport en el proyecto.\n5. Configurar las estrategias de autenticación deseadas en Passport.
92	92	Crear sistema de autenticación	1. Definir las rutas de autenticación en la aplicación.\n2. Crear formularios de inicio de sesión y registro en la interfaz de usuario.\n3. Configurar las acciones que se realizarán al autenticar o registrar un usuario en la aplicación.\n4. Implementar la lógica necesaria para el manejo de sesiones de usuario.\n5. Probar el sistema de autenticación con usuarios de prueba.
93	93	Implementar estrategias de autenticación	1. Seleccionar y configurar la estrategia de autenticación adecuada en Passport JS.\n2. Integrar la estrategia de autenticación elegida en el sistema de autenticación de la aplicación.\n3. Realizar pruebas extensivas para garantizar que la estrategia de autenticación funcione correctamente.\n4. Ajustar la configuración según sea necesario para optimizar la seguridad y la experiencia del usuario.\n5. Documentar el proceso de implementación de la estrategia de autenticación.
94	94	Pruebas y ajustes finales	1. Realizar pruebas exhaustivas del sistema de autenticación implementado.\n2. Identificar posibles fallos o vulnerabilidades en el sistema de autenticación.\n3. Corregir cualquier problema encontrado durante las pruebas.\n4. Optimizar la seguridad y la experiencia del usuario en el proceso de autenticación.\n5. Documentar los resultados de las pruebas realizadas y los ajustes realizados.
95	95	Instalación de Python.	1. Descargar la última versión de Python desde la página oficial.\n2. Ejecutar el instalador de Python y seguir las instrucciones de instalación.\n3. Verificar que Python se haya instalado correctamente utilizando el comando `python --version` en la terminal.\n4. Configurar las variables de entorno si es necesario.\n5. ¡Listo! Python está instalado y listo para ser utilizado.
96	96	Sintaxis de Python.	1. Aprender la estructura básica de un programa en Python.\n2. Familiarizarse con la sintaxis de Python, incluyendo el uso de indentación.\n3. Conocer los tipos de datos básicos y estructuras de control en Python.\n4. Practicar la creación y manipulación de variables en Python.\n5. ¡Listo! Has completado la tarea número 2: Sintaxis de Python.
97	97	Estructuras de datos en Python.	1. Aprender sobre listas, tuplas y diccionarios en Python.\n2. Comprender cómo trabajar con indexación y slicing en listas y tuplas.\n3. Explorar la utilización de métodos y funciones específicas de las estructuras de datos en Python.\n4. Practicar la creación y manipulación de diccionarios.\n5. ¡Tarea completada! Has aprendido sobre Estructuras de datos en Python.
98	98	Funciones en Python.	1. Entender qué son las funciones en Python y su importancia.\n2. Aprender a definir y llamar funciones en Python.\n3. Familiarizarse con los argumentos y parámetros de las funciones.\n4. Conocer el alcance de las variables dentro y fuera de las funciones.\n5. ¡Tarea completada! Ahora dominas la utilización de funciones en Python.
99	99	Proyecto Final de Python.	1. Crear un proyecto final utilizando los conocimientos adquiridos durante los tres días de aprendizaje de Python.\n2. Definir el alcance y los objetivos del proyecto final.\n3. Implementar diferentes funcionalidades y algoritmos en Python.\n4. Probar y depurar el proyecto final para asegurarse de su correcto funcionamiento.\n5. Presentar y compartir el proyecto final como parte de la conclusión del curso intensivo de Python.\n
100	100	Instalación de Docker.	1. Descargar e instalar Docker Desktop desde el sitio oficial de Docker.\n2. Ejecutar el instalador y seguir las instrucciones para completar la instalación.\n3. Una vez instalado, iniciar Docker Desktop y asegurarse de que esté funcionando correctamente.\n4. Verificar la instalación utilizando el comando `docker --version` en la terminal para confirmar que Docker se ha instalado correctamente.\n5. Probar la instalación ejecutando un contenedor de prueba con el comando `docker run hello-world` para verificar que Docker está funcionando adecuadamente.
102	102	Creación de contenedores.	1. Crear un archivo de configuración docker-compose.yml en el directorio del proyecto.\n2. Definir los servicios de los contenedores que se utilizarán en el entorno.\n3. Especificar las opciones de red, volúmenes y configuraciones necesarias para cada servicio.\n4. Guardar y verificar la sintaxis del archivo docker-compose.yml.\n5. Ejecutar el comando `docker-compose up` en la terminal para crear y levantar los contenedores según la configuración establecida en el archivo docker-compose.yml.
103	103	Administración de imágenes.	1. Listar las imágenes de Docker disponibles en el sistema con el comando `docker images`.\n2. Eliminar imágenes no utilizadas con el comando `docker image prune` para liberar espacio en el sistema.\n3. Actualizar imágenes existentes con el comando `docker pull nombre-imagen` para mantenerlas al día.\n4. Crear un repositorio en Docker Hub para almacenar y gestionar las imágenes necesarias.\n5. Subir imágenes locales al repositorio en Docker Hub con el comando `docker push nombre-imagen`.
104	104	Gestión de volúmenes.	1. Crear un volumen en Docker utilizando el comando `docker volume create nombre-volumen`.\n2. Verificar la lista de volúmenes disponibles en el sistema con el comando `docker volume ls`.\n3. Asociar un volumen a un contenedor al ejecutarlo con el parámetro `-v nombre-volumen:ruta-contenedor`.\n4. Inspeccionar la configuración y detalles de un volumen con el comando `docker volume inspect nombre-volumen`.\n5. Eliminar un volumen no utilizado con el comando `docker volume rm nombre-volumen`.
105	105	Configuración de redes.	1. Crear una red personalizada en Docker con el comando `docker network create nombre-red`.\n2. Verificar la lista de redes disponibles en el sistema con el comando `docker network ls`.\n3. Asignar un contenedor a una red específica al ejecutarlo con el parámetro `--network nombre-red`.\n4. Inspeccionar los detalles y configuraciones de una red con el comando `docker network inspect nombre-red`.\n5. Eliminar una red no utilizada con el comando `docker network rm nombre-red`.
106	106	Creación de Docker Compose.	1. Crear un archivo de configuración docker-compose.yml en el directorio del proyecto.\n2. Definir los servicios, redes, volúmenes y configuraciones necesarias para la aplicación en el archivo docker-compose.yml.\n3. Especificar las imágenes, puertos, variables de entorno y comandos a ejecutar para cada servicio.\n4. Ejecutar el comando `docker-compose up` en la terminal para levantar la aplicación utilizando Docker Compose.\n5. Verificar que los servicios estén funcionando correctamente y acceder a la aplicación a través de un navegador web.
107	107	Pruebas y depuración.	1. Implementar pruebas unitarias y de integración en los servicios de la aplicación en contenedores Docker.\n2. Utilizar herramientas como Docker Compose para configurar entornos de pruebas replicables.\n3. Ejecutar pruebas automatizadas dentro de los contenedores para validar el correcto funcionamiento de la aplicación.\n4. Depurar posibles errores o fallos en la aplicación utilizando registros de contenedores y herramientas de monitoreo Docker.\n5. Realizar ajustes y mejoras en los contenedores basados en los resultados de las pruebas y depuración.
\.


--
-- Data for Name: proyectos; Type: TABLE DATA; Schema: public; Owner: postgres
--

COPY public.proyectos (proyecto_id, nombre, user_id, proyect_notion_url) FROM stdin;
1	Suma Matemática	1	https://aaronproject1.notion.site/6dfbffbd8c58424994a5b987d1467277
2	Tarea de Matemáticas: 1+3	3	https://aaronproject1.notion.site/34796099d32d4040af7b0284f63a7f40
3	Proyecto Matemático Simple	1	https://aaronproject1.notion.site/cf6018ddcc474552b7f72f34b6cbfa3b
4	Proyecto: Dominando C++ en 2 Semanas	1	https://aaronproject1.notion.site/0488ada600db4af9ac6ad4809d014717
5	"Introducción rápida a Passport de Node.js"	4	https://aaronproject1.notion.site/adc951f1e03b4806b92580bde321f514
6	Aprender Python en una semana con 7 tareas.	5	https://aaronproject1.notion.site/4e43b3e1528e465a96357ff2d2f268b0
7	Aprendizaje de POO	3	https://aaronproject1.notion.site/bbbcc3accf194fda82d2008433ccf7b0
8	Proyecto: "Aprender POO"	3	https://aaronproject1.notion.site/f9bee3c842a849c385c7f49adfa6ddfc
9	Proyecto: Aprender GO en 2 Semanas	1	https://aaronproject1.notion.site/b2daed2844c94137a024cfb232c1b2c7
10	Proyecto ICP en 5 tareas	1	https://aaronproject1.notion.site/b75f566ab4434eb596fa90c5f2b5dcb3
11	"ControlGastosApp"	1	https://aaronproject1.notion.site/48668acc138b46b2964e9a1e78c9d36f
12	Proyecto Lectura de "Pedro Páramo"	1	https://aaronproject1.notion.site/856e28aea8cf499da5c8425997a67553
13	Implementación de RTOS en placa KL25.	7	https://aaronproject1.notion.site/0dba2bc18db54aa8892331b4d42dd891
14	Implementación del algoritmo Bubble Sort en Python.	7	https://aaronproject1.notion.site/2c3f61894a864816be1167b8dc099f77
15	Implementación de Passport JS en 3 días.	8	https://aaronproject1.notion.site/eaa44c965fdd4a9eba0776c18c07e12d
16	Curso Intensivo de Python en 3 días.	8	https://aaronproject1.notion.site/19b96a51d0bf470c821545ccf45ddc50
17	Aprender Docker en 1 semana	1	https://aaronproject1.notion.site/c09ebb6912e34efd88eb4d409c596af4
\.


--
-- Data for Name: tareas; Type: TABLE DATA; Schema: public; Owner: postgres
--

COPY public.tareas (tarea_id, proyecto_id, numero_de_tareas, fecha_de_los_pasos, completitud) FROM stdin;
1	1	1	2024-06-04	f
2	2	5	2024-06-04	f
3	2	\N	2024-06-04	f
4	2	\N	2024-06-04	f
5	2	\N	2024-06-04	f
6	2	\N	2024-06-04	f
7	3	3	2024-06-06	f
8	3	\N	2024-06-07	f
9	3	\N	2024-06-08	f
10	4	10	2024-06-05	f
11	4	\N	2024-06-06	f
12	4	\N	2024-06-07	f
13	4	\N	2024-06-08	f
14	4	\N	2024-06-09	f
15	4	\N	2024-06-10	f
16	4	\N	2024-06-11	f
17	4	\N	2024-06-12	f
18	4	\N	2024-06-13	f
19	4	\N	2024-06-14	f
20	5	7	2024-06-05	f
21	5	\N	2024-06-05	f
22	5	\N	2024-06-05	f
23	5	\N	2024-06-05	f
24	5	\N	2024-06-05	f
25	5	\N	2024-06-05	f
26	5	\N	2024-06-05	f
27	6	7	2024-06-05	f
28	6	\N	2024-06-06	f
29	6	\N	2024-06-07	f
30	6	\N	2024-06-08	f
31	6	\N	2024-06-09	f
32	6	\N	2024-06-10	f
33	6	\N	2024-06-11	f
34	7	6	2024-06-05	f
35	7	\N	2024-06-06	f
36	7	\N	2024-06-07	f
37	7	\N	2024-06-08	f
38	7	\N	2024-06-09	f
39	7	\N	2024-06-10	f
40	8	7	2024-06-05	f
41	8	\N	2024-06-06	f
42	8	\N	2024-06-07	f
43	8	\N	2024-06-08	f
44	8	\N	2024-06-09	f
45	8	\N	2024-06-10	f
46	8	\N	2024-06-11	f
47	9	10	2024-06-06	f
48	9	\N	2024-06-07	f
49	9	\N	2024-06-08	f
50	9	\N	2024-06-09	f
51	9	\N	2024-06-10	f
52	9	\N	2024-06-11	f
53	9	\N	2024-06-12	f
54	9	\N	2024-06-13	f
55	9	\N	2024-06-14	f
56	9	\N	2024-06-15	f
57	10	5	2024-06-07	f
58	10	\N	2024-06-08	f
59	10	\N	2024-06-09	f
60	10	\N	2024-06-10	f
61	10	\N	2024-06-11	f
62	11	8	2024-06-07	f
63	11	\N	2024-06-09	f
64	11	\N	2024-06-14	f
65	11	\N	2024-06-20	f
66	11	\N	2024-06-25	f
67	11	\N	2024-06-30	f
68	11	\N	2024-07-03	f
69	11	\N	2024-07-06	f
70	12	8	2024-06-08	f
71	12	\N	2024-06-10	f
72	12	\N	2024-06-12	f
73	12	\N	2024-06-14	f
74	12	\N	2024-06-16	f
75	12	\N	2024-06-17	f
76	12	\N	2024-06-20	f
77	12	\N	2024-06-21	f
78	13	7	2024-06-07	f
79	13	\N	2024-06-08	f
80	13	\N	2024-06-09	f
81	13	\N	2024-06-10	f
82	13	\N	2024-06-11	f
83	13	\N	2024-06-12	f
84	13	\N	2024-06-13	f
85	14	5	2024-06-07	f
86	14	\N	2024-06-08	f
87	14	\N	2024-06-09	f
88	14	\N	2024-06-10	f
89	14	\N	2024-06-11	f
90	15	5	2024-06-07	f
91	15	\N	2024-06-08	f
92	15	\N	2024-06-09	f
93	15	\N	2024-06-10	f
94	15	\N	2024-06-11	f
95	16	5	2024-06-06	f
96	16	\N	2024-06-07	f
97	16	\N	2024-06-08	f
98	16	\N	2024-06-09	f
99	16	\N	2024-06-10	f
100	17	8	2024-06-07	f
101	17	\N	2024-06-08	f
102	17	\N	2024-06-09	f
103	17	\N	2024-06-10	f
104	17	\N	2024-06-11	f
105	17	\N	2024-06-12	f
106	17	\N	2024-06-13	f
107	17	\N	2024-06-14	f
\.


--
-- Data for Name: users; Type: TABLE DATA; Schema: public; Owner: postgres
--

COPY public.users (id, name, email, password) FROM stdin;
1	aaron hernandez JImenez	aypierre223@gmail.com	$2a$10$12sjoJEkzZBJVFjpnqIoJubM7ocqk22cU6iJZHiuau8Dsnhm5oOu2
2	Jose Luis Gutierrez	josesito.002@hotmail.com	$2a$10$Ezxm9Uotv85IZTvKfsZafO42GBJLIXmtCRiClkK3zmW9aaOweuTZW
3	Jorge	A01637441@gmail.com	$2a$10$9bK8SrqwXUnki7PsfBbOPeZi2ENCTFtKARNhrKhdvVXtRuwJS6To.
4	Diego Alberto Estrada	DAEL0306@outlook.com	$2a$10$4lf3txsl3TDGkvUjhr.E2.nzGU89Kne09FIn8.jYvW9OLQIYP78AG
5	Diego Lopez	a01638657@tec.mx	$2a$10$gDNR94uzH5DSjC9s.Lg9D.FN0KWNC/9FEdGU1MzE7jgOUTf.rE9rS
6	Moisés Adrian Cortés Ramos 	moisescortesameca@gmail.com	$2a$10$dgplHOq48lyH6NsUv8ah2.4jPxsA21NiWWWfcBdUk7ZezYSRHK3Ge
7	Pedro 	A01643397@tec.mx	$2a$10$7Rq8JP3/hF6ko5nSHm6GIeapnDQAp2KJ/KhZd0oZia5GW5oaqs.4a
8	fernando	fernado@gmail.com	$2a$10$GVTkn/I9CLNaL7iiTLNXU.9/ZAaRZ.6oyt2aQngko03Oc4NiN33H6
\.


--
-- Name: pasos_paso_id_seq; Type: SEQUENCE SET; Schema: public; Owner: postgres
--

SELECT pg_catalog.setval('public.pasos_paso_id_seq', 107, true);


--
-- Name: proyectos_proyecto_id_seq; Type: SEQUENCE SET; Schema: public; Owner: postgres
--

SELECT pg_catalog.setval('public.proyectos_proyecto_id_seq', 17, true);


--
-- Name: tareas_tarea_id_seq; Type: SEQUENCE SET; Schema: public; Owner: postgres
--

SELECT pg_catalog.setval('public.tareas_tarea_id_seq', 107, true);


--
-- Name: users_id_seq; Type: SEQUENCE SET; Schema: public; Owner: postgres
--

SELECT pg_catalog.setval('public.users_id_seq', 8, true);


--
-- Name: pasos pasos_pkey; Type: CONSTRAINT; Schema: public; Owner: postgres
--

ALTER TABLE ONLY public.pasos
    ADD CONSTRAINT pasos_pkey PRIMARY KEY (paso_id);


--
-- Name: proyectos proyectos_pkey; Type: CONSTRAINT; Schema: public; Owner: postgres
--

ALTER TABLE ONLY public.proyectos
    ADD CONSTRAINT proyectos_pkey PRIMARY KEY (proyecto_id);


--
-- Name: tareas tareas_pkey; Type: CONSTRAINT; Schema: public; Owner: postgres
--

ALTER TABLE ONLY public.tareas
    ADD CONSTRAINT tareas_pkey PRIMARY KEY (tarea_id);


--
-- Name: users users_email_key; Type: CONSTRAINT; Schema: public; Owner: postgres
--

ALTER TABLE ONLY public.users
    ADD CONSTRAINT users_email_key UNIQUE (email);


--
-- Name: users users_pkey; Type: CONSTRAINT; Schema: public; Owner: postgres
--

ALTER TABLE ONLY public.users
    ADD CONSTRAINT users_pkey PRIMARY KEY (id);


--
-- Name: pasos pasos_tarea_id_fkey; Type: FK CONSTRAINT; Schema: public; Owner: postgres
--

ALTER TABLE ONLY public.pasos
    ADD CONSTRAINT pasos_tarea_id_fkey FOREIGN KEY (tarea_id) REFERENCES public.tareas(tarea_id);


--
-- Name: proyectos proyectos_user_id_fkey; Type: FK CONSTRAINT; Schema: public; Owner: postgres
--

ALTER TABLE ONLY public.proyectos
    ADD CONSTRAINT proyectos_user_id_fkey FOREIGN KEY (user_id) REFERENCES public.users(id);


--
-- Name: tareas tareas_proyecto_id_fkey; Type: FK CONSTRAINT; Schema: public; Owner: postgres
--

ALTER TABLE ONLY public.tareas
    ADD CONSTRAINT tareas_proyecto_id_fkey FOREIGN KEY (proyecto_id) REFERENCES public.proyectos(proyecto_id);


--
-- PostgreSQL database dump complete
--

